-- phpMyAdmin SQL Dump
-- version 5.2.1
-- https://www.phpmyadmin.net/
--
-- Host: 127.0.0.1
-- Generation Time: Jan 16, 2026 at 11:18 AM
-- Server version: 10.4.32-MariaDB
-- PHP Version: 8.2.28

SET SQL_MODE = "NO_AUTO_VALUE_ON_ZERO";
START TRANSACTION;
SET time_zone = "+00:00";


/*!40101 SET @OLD_CHARACTER_SET_CLIENT=@@CHARACTER_SET_CLIENT */;
/*!40101 SET @OLD_CHARACTER_SET_RESULTS=@@CHARACTER_SET_RESULTS */;
/*!40101 SET @OLD_COLLATION_CONNECTION=@@COLLATION_CONNECTION */;
/*!40101 SET NAMES utf8mb4 */;

--
-- Database: `ukk_net`
--

DELIMITER $$
--
-- Procedures
--
CREATE DEFINER=`root`@`localhost` PROCEDURE `total_harga_transaksi` ()   BEGIN
SELECT 
SUM(tb_keranjang.jumlah*tb_keranjang.harga) AS total_harga
FROM tb_keranjang;
END$$

DELIMITER ;

-- --------------------------------------------------------

--
-- Table structure for table `tb_databarang`
--

CREATE TABLE `tb_databarang` (
  `kode_barang` int(50) NOT NULL,
  `nama_barang` varchar(50) NOT NULL,
  `harga` int(10) NOT NULL,
  `stok` int(10) NOT NULL,
  `tanggal` date NOT NULL
) ENGINE=InnoDB DEFAULT CHARSET=utf8mb4 COLLATE=utf8mb4_general_ci;

--
-- Dumping data for table `tb_databarang`
--

INSERT INTO `tb_databarang` (`kode_barang`, `nama_barang`, `harga`, `stok`, `tanggal`) VALUES
(2000, 'Kertas Origami', 200, 300, '2020-03-26'),
(2001, 'Kertas HVS', 100, 849, '2020-03-09'),
(2004, 'Tipe X', 5000, 460, '2020-03-09'),
(2005, 'Penghapus', 1000, 480, '2020-03-09'),
(2006, 'Pulpen', 3000, -22017, '2020-03-09'),
(2007, 'Spidol', 7500, 485, '2020-03-13'),
(2013, 'Penggaris', 2500, -8911, '2020-04-02'),
(2015, 'Buku', 3000, 95, '2020-04-03'),
(2020, 'Kertas Folio', 500, 1450, '2020-04-04'),
(2021, 'Penggaris 20 cm', 200, 100, '2020-04-04');

-- --------------------------------------------------------

--
-- Table structure for table `tb_keranjang`
--

CREATE TABLE `tb_keranjang` (
  `id_transaksi` int(11) NOT NULL,
  `kode_barang` int(10) NOT NULL,
  `nama_barang` varchar(50) NOT NULL,
  `harga` int(10) NOT NULL,
  `jumlah` int(10) NOT NULL,
  `total_harga` int(10) NOT NULL,
  `tgl_transaksi` date NOT NULL
) ENGINE=InnoDB DEFAULT CHARSET=utf8mb4 COLLATE=utf8mb4_general_ci;

--
-- Dumping data for table `tb_keranjang`
--

INSERT INTO `tb_keranjang` (`id_transaksi`, `kode_barang`, `nama_barang`, `harga`, `jumlah`, `total_harga`, `tgl_transaksi`) VALUES
(3, 2013, 'Penggaris', 2500, 9000, 22500000, '2025-01-23'),
(4, 2013, 'Penggaris', 2500, 1, 2500, '2025-05-24'),
(5, 2006, 'Pulpen', 3000, 22222, 66666000, '2025-08-28');

--
-- Triggers `tb_keranjang`
--
DELIMITER $$
CREATE TRIGGER `cancel` AFTER DELETE ON `tb_keranjang` FOR EACH ROW BEGIN
UPDATE tb_databarang SET
stok = stok + OLD.jumlah
WHERE kode_barang = OLD.kode_barang;
END
$$
DELIMITER ;
DELIMITER $$
CREATE TRIGGER `cancel_2` AFTER DELETE ON `tb_keranjang` FOR EACH ROW BEGIN
DELETE FROM transaksi
WHERE kode_barang = OLD.kode_barang;
END
$$
DELIMITER ;
DELIMITER $$
CREATE TRIGGER `stok_habis` AFTER INSERT ON `tb_keranjang` FOR EACH ROW BEGIN
DELETE FROM tb_databarang
WHERE stok = 0
AND
kode_barang = NEW.kode_barang;
END
$$
DELIMITER ;

-- --------------------------------------------------------

--
-- Table structure for table `tb_member`
--

CREATE TABLE `tb_member` (
  `id_member` int(11) NOT NULL,
  `nama` varchar(50) NOT NULL,
  `gender` enum('L','P') NOT NULL DEFAULT 'L',
  `tempat_lahir` varchar(30) NOT NULL,
  `tanggal_lahir` date DEFAULT NULL,
  `no_hp` varchar(30) NOT NULL,
  `alamat` varchar(50) DEFAULT NULL,
  `jenis_member` enum('Bronze','Silver','Gold','Platinum','Diamond') NOT NULL DEFAULT 'Bronze'
) ENGINE=InnoDB DEFAULT CHARSET=utf8mb4 COLLATE=utf8mb4_general_ci;

--
-- Dumping data for table `tb_member`
--

INSERT INTO `tb_member` (`id_member`, `nama`, `gender`, `tempat_lahir`, `tanggal_lahir`, `no_hp`, `alamat`, `jenis_member`) VALUES
(1, 'bispur', 'L', 'bojonegoro', '2025-04-23', '09435', 'klangkrang', 'Silver'),
(2, 'ok', 'L', 'bjn', '2025-05-01', '2', 'bjn', 'Bronze');

-- --------------------------------------------------------

--
-- Table structure for table `transaksi`
--

CREATE TABLE `transaksi` (
  `tgl_transaksi` date NOT NULL,
  `id_transaksi` int(11) NOT NULL,
  `kode_barang` int(50) NOT NULL,
  `nama_barang` varchar(50) NOT NULL,
  `harga` int(11) NOT NULL,
  `jumlah_barang` int(10) NOT NULL,
  `total_harga` int(11) NOT NULL
) ENGINE=InnoDB DEFAULT CHARSET=utf8mb4 COLLATE=utf8mb4_general_ci;

--
-- Dumping data for table `transaksi`
--

INSERT INTO `transaksi` (`tgl_transaksi`, `id_transaksi`, `kode_barang`, `nama_barang`, `harga`, `jumlah_barang`, `total_harga`) VALUES
('2025-01-23', 3, 2013, 'Penggaris', 2500, 9000, 22500000),
('2025-05-24', 4, 2013, 'Penggaris', 2500, 1, 2500),
('2025-08-28', 5, 2006, 'Pulpen', 3000, 22222, 66666000);

--
-- Triggers `transaksi`
--
DELIMITER $$
CREATE TRIGGER `keranjang` AFTER INSERT ON `transaksi` FOR EACH ROW BEGIN
INSERT INTO tb_keranjang SET
id_transaksi = NEW.id_transaksi,
kode_barang = NEW.kode_barang,
nama_barang = NEW.nama_barang,
harga = NEW.harga,
jumlah = NEW.jumlah_barang,
total_harga = NEW.total_harga,
tgl_transaksi = NEW.tgl_transaksi;
END
$$
DELIMITER ;
DELIMITER $$
CREATE TRIGGER `transaksi` AFTER INSERT ON `transaksi` FOR EACH ROW BEGIN
UPDATE tb_databarang SET
stok = stok - NEW.jumlah_barang
WHERE kode_barang = NEW.kode_barang;
END
$$
DELIMITER ;

-- --------------------------------------------------------

--
-- Table structure for table `user`
--

CREATE TABLE `user` (
  `uid` int(11) NOT NULL,
  `username` varchar(50) NOT NULL,
  `password` varchar(50) NOT NULL,
  `role` enum('pelapor','admin','waka') NOT NULL
) ENGINE=InnoDB DEFAULT CHARSET=utf8mb4 COLLATE=utf8mb4_general_ci;

--
-- Dumping data for table `user`
--

INSERT INTO `user` (`uid`, `username`, `password`, `role`) VALUES
(2, 'admin', 'admin', 'admin'),
(9, 'elda', 'elda', 'pelapor'),
(10, 'waka', 'waka', 'waka'),
(11, 'eliza', 'eliza', 'pelapor');

--
-- Indexes for dumped tables
--

--
-- Indexes for table `tb_databarang`
--
ALTER TABLE `tb_databarang`
  ADD PRIMARY KEY (`kode_barang`);

--
-- Indexes for table `tb_keranjang`
--
ALTER TABLE `tb_keranjang`
  ADD PRIMARY KEY (`id_transaksi`),
  ADD KEY `kode_barang` (`kode_barang`);

--
-- Indexes for table `transaksi`
--
ALTER TABLE `transaksi`
  ADD PRIMARY KEY (`id_transaksi`),
  ADD KEY `kode_barang` (`kode_barang`);

--
-- Indexes for table `user`
--
ALTER TABLE `user`
  ADD PRIMARY KEY (`uid`);

--
-- AUTO_INCREMENT for dumped tables
--

--
-- AUTO_INCREMENT for table `tb_databarang`
--
ALTER TABLE `tb_databarang`
  MODIFY `kode_barang` int(50) NOT NULL AUTO_INCREMENT, AUTO_INCREMENT=2023;

--
-- AUTO_INCREMENT for table `tb_keranjang`
--
ALTER TABLE `tb_keranjang`
  MODIFY `id_transaksi` int(11) NOT NULL AUTO_INCREMENT, AUTO_INCREMENT=6;

--
-- AUTO_INCREMENT for table `transaksi`
--
ALTER TABLE `transaksi`
  MODIFY `id_transaksi` int(11) NOT NULL AUTO_INCREMENT, AUTO_INCREMENT=6;

--
-- AUTO_INCREMENT for table `user`
--
ALTER TABLE `user`
  MODIFY `uid` int(11) NOT NULL AUTO_INCREMENT, AUTO_INCREMENT=12;

--
-- Constraints for dumped tables
--

--
-- Constraints for table `tb_keranjang`
--
ALTER TABLE `tb_keranjang`
  ADD CONSTRAINT `tb_keranjang_ibfk_1` FOREIGN KEY (`kode_barang`) REFERENCES `tb_databarang` (`kode_barang`) ON DELETE NO ACTION ON UPDATE NO ACTION;
COMMIT;

/*!40101 SET CHARACTER_SET_CLIENT=@OLD_CHARACTER_SET_CLIENT */;
/*!40101 SET CHARACTER_SET_RESULTS=@OLD_CHARACTER_SET_RESULTS */;
/*!40101 SET COLLATION_CONNECTION=@OLD_COLLATION_CONNECTION */;
